TABLE|7|12_1.U4(3)|39191040|181
COMPLEX|7|72|15|0
CCLASS|7|72|5|9|0
CCLASS|7|72|9|5|0
CCLASS|7|72|19|19|9
CCLASS|7|72|23|27|3
CCLASS|7|72|27|23|3
CCLASS|7|72|31|31|7
CCLASS|7|72|35|39|4
CCLASS|7|72|39|35|4
CCLASS|7|72|43|43|5
CCLASS|7|72|47|47|5
COMPLEX|7|73|15|0
CCLASS|7|73|5|9|0
CCLASS|7|73|9|5|0
CCLASS|7|73|19|19|9
CCLASS|7|73|23|27|3
CCLASS|7|73|27|23|3
CCLASS|7|73|31|31|7
CCLASS|7|73|35|39|4
CCLASS|7|73|39|35|4
CCLASS|7|73|43|43|5
CCLASS|7|73|47|47|5
RATIONAL|7|46|30
RCLASS|7|46|5|9|0
RCLASS|7|46|9|5|0
RCLASS|7|46|19|19|18
RCLASS|7|46|23|27|6
RCLASS|7|46|27|23|6
RCLASS|7|46|31|31|14
RCLASS|7|46|35|39|8
RCLASS|7|46|39|35|8
RCLASS|7|46|43|43|10
RCLASS|7|46|47|47|10
TABLE|8|12_1.U4(3).2_1|78382080|173
COMPLEX|8|119|30|1
CCLASS|8|119|5|5|0
CCLASS|8|119|13|13|18
CCLASS|8|119|17|17|6
CCLASS|8|119|21|21|14
CCLASS|8|119|25|25|8
CCLASS|8|119|29|29|10
CCLASS|8|119|33|33|10
RATIONAL|8|75|30
RCLASS|8|75|5|5|0
RCLASS|8|75|13|13|18
RCLASS|8|75|17|17|6
RCLASS|8|75|21|21|14
RCLASS|8|75|25|25|8
RCLASS|8|75|29|29|10
RCLASS|8|75|33|33|10
TABLE|9|12_1.U4(3).2_2|78382080|209
COMPLEX|9|80|15|0
CCLASS|9|80|5|8|0
CCLASS|9|80|8|5|0
CCLASS|9|80|16|16|9
CCLASS|9|80|20|23|3
CCLASS|9|80|23|20|3
CCLASS|9|80|25|25|7
CCLASS|9|80|29|32|4
CCLASS|9|80|32|29|4
CCLASS|9|80|34|34|5
CCLASS|9|80|37|37|5
COMPLEX|9|81|15|0
CCLASS|9|81|5|8|0
CCLASS|9|81|8|5|0
CCLASS|9|81|16|16|9
CCLASS|9|81|20|23|3
CCLASS|9|81|23|20|3
CCLASS|9|81|25|25|7
CCLASS|9|81|29|32|4
CCLASS|9|81|32|29|4
CCLASS|9|81|34|34|5
CCLASS|9|81|37|37|5
COMPLEX|9|82|15|0
CCLASS|9|82|5|8|0
CCLASS|9|82|8|5|0
CCLASS|9|82|16|16|9
CCLASS|9|82|20|23|3
CCLASS|9|82|23|20|3
CCLASS|9|82|25|25|7
CCLASS|9|82|29|32|4
CCLASS|9|82|32|29|4
CCLASS|9|82|34|34|5
CCLASS|9|82|37|37|5
COMPLEX|9|83|15|0
CCLASS|9|83|5|8|0
CCLASS|9|83|8|5|0
CCLASS|9|83|16|16|9
CCLASS|9|83|20|23|3
CCLASS|9|83|23|20|3
CCLASS|9|83|25|25|7
CCLASS|9|83|29|32|4
CCLASS|9|83|32|29|4
CCLASS|9|83|34|34|5
CCLASS|9|83|37|37|5
RATIONAL|9|70|30
RCLASS|9|70|5|8|0
RCLASS|9|70|8|5|0
RCLASS|9|70|16|16|18
RCLASS|9|70|20|23|6
RCLASS|9|70|23|20|6
RCLASS|9|70|25|25|14
RCLASS|9|70|29|32|8
RCLASS|9|70|32|29|8
RCLASS|9|70|34|34|10
RCLASS|9|70|37|37|10
RATIONAL|9|71|30
RCLASS|9|71|5|8|0
RCLASS|9|71|8|5|0
RCLASS|9|71|16|16|18
RCLASS|9|71|20|23|6
RCLASS|9|71|23|20|6
RCLASS|9|71|25|25|14
RCLASS|9|71|29|32|8
RCLASS|9|71|32|29|8
RCLASS|9|71|34|34|10
RCLASS|9|71|37|37|10
TABLE|10|12_1.U4(3).2_2'|78382080|134
COMPLEX|10|80|30|1
CCLASS|10|80|5|5|0
CCLASS|10|80|12|12|18
CCLASS|10|80|16|16|6
CCLASS|10|80|19|19|14
CCLASS|10|80|23|23|8
CCLASS|10|80|26|26|10
CCLASS|10|80|29|29|10
RATIONAL|10|70|30
RCLASS|10|70|5|5|0
RCLASS|10|70|12|12|18
RCLASS|10|70|16|16|6
RCLASS|10|70|19|19|14
RCLASS|10|70|23|23|8
RCLASS|10|70|26|26|10
RCLASS|10|70|29|29|10
TABLE|11|12_2.U4(3)|39191040|157
TABLE|12|12_2.U4(3).2_1|78382080|161
TABLE|13|12_2.U4(3).2_3|78382080|149
TABLE|14|12_2.U4(3).2_3'|78382080|104
TABLE|42|2x3_1.U4(3).2_2|39191040|184
COMPLEX|42|35|15|0
CCLASS|42|35|2|3|0
CCLASS|42|35|3|2|0
CCLASS|42|35|7|7|9
CCLASS|42|35|8|9|3
CCLASS|42|35|9|8|3
CCLASS|42|35|10|10|7
CCLASS|42|35|11|12|4
CCLASS|42|35|12|11|4
CCLASS|42|35|13|13|5
CCLASS|42|35|14|14|5
COMPLEX|42|36|15|0
CCLASS|42|36|2|3|0
CCLASS|42|36|3|2|0
CCLASS|42|36|7|7|9
CCLASS|42|36|8|9|3
CCLASS|42|36|9|8|3
CCLASS|42|36|10|10|7
CCLASS|42|36|11|12|4
CCLASS|42|36|12|11|4
CCLASS|42|36|13|13|5
CCLASS|42|36|14|14|5
COMPLEX|42|37|15|0
CCLASS|42|37|2|3|0
CCLASS|42|37|3|2|0
CCLASS|42|37|7|7|9
CCLASS|42|37|8|9|3
CCLASS|42|37|9|8|3
CCLASS|42|37|10|10|7
CCLASS|42|37|11|12|4
CCLASS|42|37|12|11|4
CCLASS|42|37|13|13|5
CCLASS|42|37|14|14|5
COMPLEX|42|38|15|0
CCLASS|42|38|2|3|0
CCLASS|42|38|3|2|0
CCLASS|42|38|7|7|9
CCLASS|42|38|8|9|3
CCLASS|42|38|9|8|3
CCLASS|42|38|10|10|7
CCLASS|42|38|11|12|4
CCLASS|42|38|12|11|4
CCLASS|42|38|13|13|5
CCLASS|42|38|14|14|5
COMPLEX|42|127|15|0
CCLASS|42|127|2|3|0
CCLASS|42|127|3|2|0
CCLASS|42|127|7|7|9
CCLASS|42|127|8|9|3
CCLASS|42|127|9|8|3
CCLASS|42|127|10|10|7
CCLASS|42|127|11|12|4
CCLASS|42|127|12|11|4
CCLASS|42|127|13|13|5
CCLASS|42|127|14|14|5
COMPLEX|42|128|15|0
CCLASS|42|128|2|3|0
CCLASS|42|128|3|2|0
CCLASS|42|128|7|7|9
CCLASS|42|128|8|9|3
CCLASS|42|128|9|8|3
CCLASS|42|128|10|10|7
CCLASS|42|128|11|12|4
CCLASS|42|128|12|11|4
CCLASS|42|128|13|13|5
CCLASS|42|128|14|14|5
COMPLEX|42|129|15|0
CCLASS|42|129|2|3|0
CCLASS|42|129|3|2|0
CCLASS|42|129|7|7|9
CCLASS|42|129|8|9|3
CCLASS|42|129|9|8|3
CCLASS|42|129|10|10|7
CCLASS|42|129|11|12|4
CCLASS|42|129|12|11|4
CCLASS|42|129|13|13|5
CCLASS|42|129|14|14|5
COMPLEX|42|130|15|0
CCLASS|42|130|2|3|0
CCLASS|42|130|3|2|0
CCLASS|42|130|7|7|9
CCLASS|42|130|8|9|3
CCLASS|42|130|9|8|3
CCLASS|42|130|10|10|7
CCLASS|42|130|11|12|4
CCLASS|42|130|12|11|4
CCLASS|42|130|13|13|5
CCLASS|42|130|14|14|5
RATIONAL|42|32|30
RCLASS|42|32|2|3|0
RCLASS|42|32|3|2|0
RCLASS|42|32|7|7|18
RCLASS|42|32|8|9|6
RCLASS|42|32|9|8|6
RCLASS|42|32|10|10|14
RCLASS|42|32|11|12|8
RCLASS|42|32|12|11|8
RCLASS|42|32|13|13|10
RCLASS|42|32|14|14|10
RATIONAL|42|33|30
RCLASS|42|33|2|3|0
RCLASS|42|33|3|2|0
RCLASS|42|33|7|7|18
RCLASS|42|33|8|9|6
RCLASS|42|33|9|8|6
RCLASS|42|33|10|10|14
RCLASS|42|33|11|12|8
RCLASS|42|33|12|11|8
RCLASS|42|33|13|13|10
RCLASS|42|33|14|14|10
RATIONAL|42|92|30
RCLASS|42|92|2|3|0
RCLASS|42|92|3|2|0
RCLASS|42|92|7|7|18
RCLASS|42|92|8|9|6
RCLASS|42|92|9|8|6
RCLASS|42|92|10|10|14
RCLASS|42|92|11|12|8
RCLASS|42|92|12|11|8
RCLASS|42|92|13|13|10
RCLASS|42|92|14|14|10
RATIONAL|42|93|30
RCLASS|42|93|2|3|0
RCLASS|42|93|3|2|0
RCLASS|42|93|7|7|18
RCLASS|42|93|8|9|6
RCLASS|42|93|9|8|6
RCLASS|42|93|10|10|14
RCLASS|42|93|11|12|8
RCLASS|42|93|12|11|8
RCLASS|42|93|13|13|10
RCLASS|42|93|14|14|10
TABLE|43|2x6_1.U4(3).2_2|78382080|338
COMPLEX|43|64|15|0
CCLASS|43|64|3|5|0
CCLASS|43|64|5|3|0
CCLASS|43|64|13|13|9
CCLASS|43|64|15|17|3
CCLASS|43|64|17|15|3
CCLASS|43|64|19|19|7
CCLASS|43|64|21|23|4
CCLASS|43|64|23|21|4
CCLASS|43|64|25|25|5
CCLASS|43|64|27|27|5
COMPLEX|43|65|15|0
CCLASS|43|65|3|5|0
CCLASS|43|65|5|3|0
CCLASS|43|65|13|13|9
CCLASS|43|65|15|17|3
CCLASS|43|65|17|15|3
CCLASS|43|65|19|19|7
CCLASS|43|65|21|23|4
CCLASS|43|65|23|21|4
CCLASS|43|65|25|25|5
CCLASS|43|65|27|27|5
COMPLEX|43|66|15|0
CCLASS|43|66|3|5|0
CCLASS|43|66|5|3|0
CCLASS|43|66|13|13|9
CCLASS|43|66|15|17|3
CCLASS|43|66|17|15|3
CCLASS|43|66|19|19|7
CCLASS|43|66|21|23|4
CCLASS|43|66|23|21|4
CCLASS|43|66|25|25|5
CCLASS|43|66|27|27|5
COMPLEX|43|67|15|0
CCLASS|43|67|3|5|0
CCLASS|43|67|5|3|0
CCLASS|43|67|13|13|9
CCLASS|43|67|15|17|3
CCLASS|43|67|17|15|3
CCLASS|43|67|19|19|7
CCLASS|43|67|21|23|4
CCLASS|43|67|23|21|4
CCLASS|43|67|25|25|5
CCLASS|43|67|27|27|5
COMPLEX|43|233|15|0
CCLASS|43|233|3|5|0
CCLASS|43|233|5|3|0
CCLASS|43|233|13|13|9
CCLASS|43|233|15|17|3
CCLASS|43|233|17|15|3
CCLASS|43|233|19|19|7
CCLASS|43|233|21|23|4
CCLASS|43|233|23|21|4
CCLASS|43|233|25|25|5
CCLASS|43|233|27|27|5
COMPLEX|43|234|15|0
CCLASS|43|234|3|5|0
CCLASS|43|234|5|3|0
CCLASS|43|234|13|13|9
CCLASS|43|234|15|17|3
CCLASS|43|234|17|15|3
CCLASS|43|234|19|19|7
CCLASS|43|234|21|23|4
CCLASS|43|234|23|21|4
CCLASS|43|234|25|25|5
CCLASS|43|234|27|27|5
COMPLEX|43|235|15|0
CCLASS|43|235|3|5|0
CCLASS|43|235|5|3|0
CCLASS|43|235|13|13|9
CCLASS|43|235|15|17|3
CCLASS|43|235|17|15|3
CCLASS|43|235|19|19|7
CCLASS|43|235|21|23|4
CCLASS|43|235|23|21|4
CCLASS|43|235|25|25|5
CCLASS|43|235|27|27|5
COMPLEX|43|236|15|0
CCLASS|43|236|3|5|0
CCLASS|43|236|5|3|0
CCLASS|43|236|13|13|9
CCLASS|43|236|15|17|3
CCLASS|43|236|17|15|3
CCLASS|43|236|19|19|7
CCLASS|43|236|21|23|4
CCLASS|43|236|23|21|4
CCLASS|43|236|25|25|5
CCLASS|43|236|27|27|5
RATIONAL|43|57|30
RCLASS|43|57|3|5|0
RCLASS|43|57|5|3|0
RCLASS|43|57|13|13|18
RCLASS|43|57|15|17|6
RCLASS|43|57|17|15|6
RCLASS|43|57|19|19|14
RCLASS|43|57|21|23|8
RCLASS|43|57|23|21|8
RCLASS|43|57|25|25|10
RCLASS|43|57|27|27|10
RATIONAL|43|58|30
RCLASS|43|58|3|5|0
RCLASS|43|58|5|3|0
RCLASS|43|58|13|13|18
RCLASS|43|58|15|17|6
RCLASS|43|58|17|15|6
RCLASS|43|58|19|19|14
RCLASS|43|58|21|23|8
RCLASS|43|58|23|21|8
RCLASS|43|58|25|25|10
RCLASS|43|58|27|27|10
RATIONAL|43|166|30
RCLASS|43|166|3|5|0
RCLASS|43|166|5|3|0
RCLASS|43|166|13|13|18
RCLASS|43|166|15|17|6
RCLASS|43|166|17|15|6
RCLASS|43|166|19|19|14
RCLASS|43|166|21|23|8
RCLASS|43|166|23|21|8
RCLASS|43|166|25|25|10
RCLASS|43|166|27|27|10
RATIONAL|43|167|30
RCLASS|43|167|3|5|0
RCLASS|43|167|5|3|0
RCLASS|43|167|13|13|18
RCLASS|43|167|15|17|6
RCLASS|43|167|17|15|6
RCLASS|43|167|19|19|14
RCLASS|43|167|21|23|8
RCLASS|43|167|23|21|8
RCLASS|43|167|25|25|10
RCLASS|43|167|27|27|10
TABLE|46|2xS3xU4(3).2_2|78382080|204
TABLE|56|3_1.U4(3).(2^2)_{122}|39191040|88
COMPLEX|56|60|30|1
CCLASS|56|60|2|2|0
CCLASS|56|60|5|5|18
CCLASS|56|60|6|6|6
CCLASS|56|60|7|7|14
CCLASS|56|60|8|8|8
CCLASS|56|60|9|9|10
CCLASS|56|60|10|10|10
COMPLEX|56|61|30|1
CCLASS|56|61|2|2|0
CCLASS|56|61|5|5|18
CCLASS|56|61|6|6|6
CCLASS|56|61|7|7|14
CCLASS|56|61|8|8|8
CCLASS|56|61|9|9|10
CCLASS|56|61|10|10|10
RATIONAL|56|60|30
RCLASS|56|60|2|2|0
RCLASS|56|60|5|5|18
RCLASS|56|60|6|6|6
RCLASS|56|60|7|7|14
RCLASS|56|60|8|8|8
RCLASS|56|60|9|9|10
RCLASS|56|60|10|10|10
RATIONAL|56|61|30
RCLASS|56|61|2|2|0
RCLASS|56|61|5|5|18
RCLASS|56|61|6|6|6
RCLASS|56|61|7|7|14
RCLASS|56|61|8|8|8
RCLASS|56|61|9|9|10
RCLASS|56|61|10|10|10
TABLE|57|3_1.U4(3).2_1|19595520|50
COMPLEX|57|35|30|1
CCLASS|57|35|2|2|0
CCLASS|57|35|5|5|18
CCLASS|57|35|6|6|6
CCLASS|57|35|7|7|14
CCLASS|57|35|8|8|8
CCLASS|57|35|9|9|10
CCLASS|57|35|10|10|10
RATIONAL|57|32|30
RCLASS|57|32|2|2|0
RCLASS|57|32|5|5|18
RCLASS|57|32|6|6|6
RCLASS|57|32|7|7|14
RCLASS|57|32|8|8|8
RCLASS|57|32|9|9|10
RCLASS|57|32|10|10|10
TABLE|58|3_1.U4(3).2_2|19595520|92
COMPLEX|58|35|15|0
CCLASS|58|35|2|3|0
CCLASS|58|35|3|2|0
CCLASS|58|35|7|7|9
CCLASS|58|35|8|9|3
CCLASS|58|35|9|8|3
CCLASS|58|35|10|10|7
CCLASS|58|35|11|12|4
CCLASS|58|35|12|11|4
CCLASS|58|35|13|13|5
CCLASS|58|35|14|14|5
COMPLEX|58|36|15|0
CCLASS|58|36|2|3|0
CCLASS|58|36|3|2|0
CCLASS|58|36|7|7|9
CCLASS|58|36|8|9|3
CCLASS|58|36|9|8|3
CCLASS|58|36|10|10|7
CCLASS|58|36|11|12|4
CCLASS|58|36|12|11|4
CCLASS|58|36|13|13|5
CCLASS|58|36|14|14|5
COMPLEX|58|37|15|0
CCLASS|58|37|2|3|0
CCLASS|58|37|3|2|0
CCLASS|58|37|7|7|9
CCLASS|58|37|8|9|3
CCLASS|58|37|9|8|3
CCLASS|58|37|10|10|7
CCLASS|58|37|11|12|4
CCLASS|58|37|12|11|4
CCLASS|58|37|13|13|5
CCLASS|58|37|14|14|5
COMPLEX|58|38|15|0
CCLASS|58|38|2|3|0
CCLASS|58|38|3|2|0
CCLASS|58|38|7|7|9
CCLASS|58|38|8|9|3
CCLASS|58|38|9|8|3
CCLASS|58|38|10|10|7
CCLASS|58|38|11|12|4
CCLASS|58|38|12|11|4
CCLASS|58|38|13|13|5
CCLASS|58|38|14|14|5
RATIONAL|58|32|30
RCLASS|58|32|2|3|0
RCLASS|58|32|3|2|0
RCLASS|58|32|7|7|18
RCLASS|58|32|8|9|6
RCLASS|58|32|9|8|6
RCLASS|58|32|10|10|14
RCLASS|58|32|11|12|8
RCLASS|58|32|12|11|8
RCLASS|58|32|13|13|10
RCLASS|58|32|14|14|10
RATIONAL|58|33|30
RCLASS|58|33|2|3|0
RCLASS|58|33|3|2|0
RCLASS|58|33|7|7|18
RCLASS|58|33|8|9|6
RCLASS|58|33|9|8|6
RCLASS|58|33|10|10|14
RCLASS|58|33|11|12|8
RCLASS|58|33|12|11|8
RCLASS|58|33|13|13|10
RCLASS|58|33|14|14|10
TABLE|59|3_1.U4(3).2_2'|19595520|50
COMPLEX|59|35|30|1
CCLASS|59|35|2|2|0
CCLASS|59|35|5|5|18
CCLASS|59|35|6|6|6
CCLASS|59|35|7|7|14
CCLASS|59|35|8|8|8
CCLASS|59|35|9|9|10
CCLASS|59|35|10|10|10
RATIONAL|59|32|30
RCLASS|59|32|2|2|0
RCLASS|59|32|5|5|18
RCLASS|59|32|6|6|6
RCLASS|59|32|7|7|14
RCLASS|59|32|8|8|8
RCLASS|59|32|9|9|10
RCLASS|59|32|10|10|10
TABLE|61|3_2.U4(3).(2^2)_{133}|39191040|64
TABLE|62|3_2.U4(3).2_1|19595520|47
TABLE|63|3_2.U4(3).2_3|19595520|65
TABLE|64|3_2.U4(3).2_3'|19595520|38
TABLE|65|3x2.U4(3).(2^2)_{122}|78382080|261
TABLE|71|6_1.U4(3)|19595520|101
COMPLEX|71|40|15|0
CCLASS|71|40|3|5|0
CCLASS|71|40|5|3|0
CCLASS|71|40|13|13|9
CCLASS|71|40|15|17|3
CCLASS|71|40|17|15|3
CCLASS|71|40|19|19|7
CCLASS|71|40|21|23|4
CCLASS|71|40|23|21|4
CCLASS|71|40|25|25|5
CCLASS|71|40|27|27|5
COMPLEX|71|41|15|0
CCLASS|71|41|3|5|0
CCLASS|71|41|5|3|0
CCLASS|71|41|13|13|9
CCLASS|71|41|15|17|3
CCLASS|71|41|17|15|3
CCLASS|71|41|19|19|7
CCLASS|71|41|21|23|4
CCLASS|71|41|23|21|4
CCLASS|71|41|25|25|5
CCLASS|71|41|27|27|5
RATIONAL|71|33|30
RCLASS|71|33|3|5|0
RCLASS|71|33|5|3|0
RCLASS|71|33|13|13|18
RCLASS|71|33|15|17|6
RCLASS|71|33|17|15|6
RCLASS|71|33|19|19|14
RCLASS|71|33|21|23|8
RCLASS|71|33|23|21|8
RCLASS|71|33|25|25|10
RCLASS|71|33|27|27|10
TABLE|72|6_1.U4(3).2_1|39191040|97
COMPLEX|72|67|30|1
CCLASS|72|67|3|3|0
CCLASS|72|67|9|9|18
CCLASS|72|67|11|11|6
CCLASS|72|67|13|13|14
CCLASS|72|67|15|15|8
CCLASS|72|67|17|17|10
CCLASS|72|67|19|19|10
RATIONAL|72|52|30
RCLASS|72|52|3|3|0
RCLASS|72|52|9|9|18
RCLASS|72|52|11|11|6
RCLASS|72|52|13|13|14
RCLASS|72|52|15|15|8
RCLASS|72|52|17|17|10
RCLASS|72|52|19|19|10
TABLE|73|6_1.U4(3).2_2|39191040|169
COMPLEX|73|64|15|0
CCLASS|73|64|3|5|0
CCLASS|73|64|5|3|0
CCLASS|73|64|13|13|9
CCLASS|73|64|15|17|3
CCLASS|73|64|17|15|3
CCLASS|73|64|19|19|7
CCLASS|73|64|21|23|4
CCLASS|73|64|23|21|4
CCLASS|73|64|25|25|5
CCLASS|73|64|27|27|5
COMPLEX|73|65|15|0
CCLASS|73|65|3|5|0
CCLASS|73|65|5|3|0
CCLASS|73|65|13|13|9
CCLASS|73|65|15|17|3
CCLASS|73|65|17|15|3
CCLASS|73|65|19|19|7
CCLASS|73|65|21|23|4
CCLASS|73|65|23|21|4
CCLASS|73|65|25|25|5
CCLASS|73|65|27|27|5
COMPLEX|73|66|15|0
CCLASS|73|66|3|5|0
CCLASS|73|66|5|3|0
CCLASS|73|66|13|13|9
CCLASS|73|66|15|17|3
CCLASS|73|66|17|15|3
CCLASS|73|66|19|19|7
CCLASS|73|66|21|23|4
CCLASS|73|66|23|21|4
CCLASS|73|66|25|25|5
CCLASS|73|66|27|27|5
COMPLEX|73|67|15|0
CCLASS|73|67|3|5|0
CCLASS|73|67|5|3|0
CCLASS|73|67|13|13|9
CCLASS|73|67|15|17|3
CCLASS|73|67|17|15|3
CCLASS|73|67|19|19|7
CCLASS|73|67|21|23|4
CCLASS|73|67|23|21|4
CCLASS|73|67|25|25|5
CCLASS|73|67|27|27|5
RATIONAL|73|57|30
RCLASS|73|57|3|5|0
RCLASS|73|57|5|3|0
RCLASS|73|57|13|13|18
RCLASS|73|57|15|17|6
RCLASS|73|57|17|15|6
RCLASS|73|57|19|19|14
RCLASS|73|57|21|23|8
RCLASS|73|57|23|21|8
RCLASS|73|57|25|25|10
RCLASS|73|57|27|27|10
RATIONAL|73|58|30
RCLASS|73|58|3|5|0
RCLASS|73|58|5|3|0
RCLASS|73|58|13|13|18
RCLASS|73|58|15|17|6
RCLASS|73|58|17|15|6
RCLASS|73|58|19|19|14
RCLASS|73|58|21|23|8
RCLASS|73|58|23|21|8
RCLASS|73|58|25|25|10
RCLASS|73|58|27|27|10
TABLE|74|6_1.U4(3).2_2'|39191040|94
COMPLEX|74|64|30|1
CCLASS|74|64|3|3|0
CCLASS|74|64|9|9|18
CCLASS|74|64|11|11|6
CCLASS|74|64|13|13|14
CCLASS|74|64|15|15|8
CCLASS|74|64|17|17|10
CCLASS|74|64|19|19|10
RATIONAL|74|57|30
RCLASS|74|57|3|3|0
RCLASS|74|57|9|9|18
RCLASS|74|57|11|11|6
RCLASS|74|57|13|13|14
RCLASS|74|57|15|15|8
RCLASS|74|57|17|17|10
RCLASS|74|57|19|19|10
TABLE|75|6_2.U4(3)|19595520|89
TABLE|76|6_2.U4(3).2_1|39191040|91
TABLE|77|6_2.U4(3).2_3|39191040|115
TABLE|78|6_2.U4(3).2_3'|39191040|70
TABLE|85|Isoclinic(6_2.U4(3).2_3')|39191040|70
TABLE|86|S3x2.U4(3).2_2|78382080|189
TABLE|89|S3xU4(3)|19595520|60
TABLE|90|S3xU4(3).(2^2)_{122}|78382080|177
TABLE|91|S3xU4(3).2_2|39191040|102
